Season,Tide,Nitrite_mean,Ammonia_mean,Phosphate_mean,Silicate_mean,del15N_mean,del13C_mean
August,High,0.375,0.41500000000000004,0.21000000000000002,4.095,8,-12.1
August,Low,5.232,0.552,0.56,74.336,8,-12.1
August,Mid,1.0933333333333333,0.3666666666666667,0.26,17.006666666666668,8,-12.1
March,High,0.6787616093333333,0.5838632906666666,0.188476533,3.7230538246666667,7.7,-11.6
March,Low,14.370709266428571,2.890134197285714,1.662657183,333.8353879,7.7,-11.6
March,Mid,4.5936760444999996,0.6270274558333333,0.7379223615,98.17421826333333,7.7,-11.6
